SampleID,PointID,Depth,pH,PotteryQuantity,PotteryWeight,CoarseSand,FineSand,Clay,C,P,K,Na,Fe,Zn,Mn,Cu,Ca,Mg,Al,x,y,C14Age
2155,1,10,4.6,0,0,341,168,328,21.53,32,23,4,65,0.93,6.54,0.3,0.91,0.25,0.91,807946.077,9640336.751,
2156,1,30,4.7,0,0,210,121,506,11.55,31,14,2,42,0.47,2.19,0.21,0.46,0.08,1.27,807946.077,9640336.751,
2157,1,50,4.8,0,0,164,81,626,8.58,17,7,2,34,0.38,1.22,0.16,0.33,0.07,1.02,807946.077,9640336.751,
2158,1,70,5,0,0,149,72,617.5,3.09,6,2,1,24,0.33,0.51,0.1,0.22,0.05,0.6,807946.077,9640336.751,
2159,1,90,5.2,0,0,83,60,632.5,1.64,4,3,1,14,0.25,0.13,0.07,0.15,0.04,0.45,807946.077,9640336.751,
2160,2,10,4.9,11,0.18,372,219,257,21.73,35,18,2,30,6.06,36.4,0.47,2.26,0.25,0.46,807960.232,9640321.027,
2161,2,30,5.1,0,0,254,161,438,10.71,54,5,1,34,3.7,8.89,0.6,1.17,0.07,0.85,807960.232,9640321.027,
2162,2,50,5.2,0,0,211,117,569.5,2.87,96,2,1,35,0.96,2.7,0.42,0.92,0.04,0.38,807960.232,9640321.027,
2163,2,70,5.2,0,0,182,113,583.5,3.39,108,1,1,24,0.8,1.61,0.33,0.88,0.04,0.3,807960.232,9640321.027,
2164,2,90,5.1,0,0,153,87,689.5,0.5,131,2,1,21,0.7,1.39,0.31,0.77,0.04,0.25,807960.232,9640321.027,
2165,3,10,5.3,0,0,370,190,309.5,13.75,48,11,1,33,2.71,16.15,0.34,2.11,0.29,0.16,807986.819,9640272.461,
2166,3,30,5.1,0,0,243,122,537,4.83,61,2,1,38,0.51,2.28,0.31,0.66,0.21,0.53,807986.819,9640272.461,
2167,3,50,5,0,0,206,115,578,3.65,69,1,1,28,0.49,1.07,0.26,0.49,0.2,0.62,807986.819,9640272.461,
2168,3,70,5,0,0,169,98,623.5,1.4,82,1,1,21,0.4,0.62,0.23,0.36,0.13,0.49,807986.819,9640272.461,
2169,3,90,5,0,0,146,79,668,1.94,89,1,1,18,0.65,0.6,0.18,0.43,0.15,0.44,807986.819,9640272.461,
2170,4,10,5.1,16,0.36,353,197,314,18.43,54,18,1,66,3.73,32.44,0.61,1.27,0.37,0.33,807956.832,9640230.227,
2171,4,30,5.1,3,0.05,257,146,473.5,13.23,57,8,1,49,2.36,15.59,0.57,1.14,0.31,0.41,807956.832,9640230.227,
2172,4,50,5,0,0,186,107,636,1.08,93,1,1,27,0.85,0.59,0.23,0.32,0.18,0.52,807956.832,9640230.227,
2173,4,70,5,0,0,159,84,671,0.36,92,2,1,21,0.8,0.55,0.21,0.32,0.12,0.51,807956.832,9640230.227,
2174,4,90,4.9,0,0,155,91,657.5,1.66,91,3,1,23,0.81,1.33,0.29,0.33,0.11,0.63,807956.832,9640230.227,
2175,5,10,5,15,0.27,389,207,278.5,14.36,97,13,1,41,3.93,17.94,0.98,0.87,0.23,0.9,807927.355,9640186.832,
2176,5,30,5.1,12,0.67,423,173,305.5,8.84,136,3,1,29,1.65,4.56,1.18,0.36,0.08,1.05,807927.355,9640186.832,
2177,5,50,5.1,6,0.28,333,173,384,8.2,130,1,1,28,1.88,3.5,1.21,0.36,0.08,1.25,807927.355,9640186.832,
2178,5,70,5.1,0,0,278,146,467.5,4.77,103,1,1,26,1.46,2.16,0.92,0.39,0.08,1.01,807927.355,9640186.832,
2179,5,90,5,0,0,211,194,578,3.69,100,3,1,24,1.43,1.85,0.58,0.47,0.08,0.78,807927.355,9640186.832,
2180,6,10,5.5,19,0.41,422,219,240,16.26,86,12,1,35,6.65,30.11,1.18,2.04,0.48,0.31,807953.42,9640172.523,
2181,6,30,5.6,3,0.05,350,188,323.5,10.17,72,6,1,27,3.75,10.75,0.98,1.17,0.31,0,807953.42,9640172.523,
2182,6,50,5,0,0,222,130,576,4.11,94,2,1,26,1.74,3.93,0.7,0.94,0.3,0.38,807953.42,9640172.523,
2183,6,70,5.1,0,0,196,103,629,1.28,105,1,1,23,1.33,1.45,0.49,0.9,0.2,0.3,807953.42,9640172.523,
2184,6,90,5.1,0,0,193,99,643.5,2.87,103,1,1,23,1.18,1.67,0.5,0.89,0.17,0.31,807953.42,9640172.523,
2185,7,10,4.9,7,0.48,446,200,211.5,21.43,98,30,3,40,4.11,20.83,0.51,1.58,0.49,0.5,807901.934,9640201.641,
2186,7,30,5,0,0,270,171,421.5,8.4,78,4,2,33,1.9,5.74,0.78,0.67,0.19,1.19,807901.934,9640201.641,
2187,7,50,5,0,0,213,118,545.5,4.87,84,2,1,32,1.15,3.33,0.77,0.63,0.05,0.72,807901.934,9640201.641,
2188,7,70,5.1,0,0,202,110,536.5,8.94,221,7,2,27,2.86,7.88,2.54,0.66,0.05,0.92,807901.934,9640201.641,
2189,7,90,5,5,0.1,188,105,624,5.77,126,3,2,25,1.84,6.16,1.41,0.74,0.06,0.54,807901.934,9640201.641,
2190,8,10,5.9,15,0.24,268,152,491.5,20.55,85,28,2,38,6.19,44.72,1.52,3.32,1.13,0,807898.899,9640145.383,
2191,8,30,5.9,2,0.1,161,207,299,8.72,112,84,1,37,2.81,7.71,1.27,1.87,0.65,0,807898.899,9640145.383,
2192,8,50,5.9,0,0,235,135,527,7.04,141,7,1,29,2.92,6.32,1.49,1.52,0.51,0,807898.899,9640145.383,
2193,8,70,5.8,11,0.16,270,126,472,7.72,274,8,2,26,3.57,5.67,2.06,1.67,0.45,0,807898.899,9640145.383,
2194,8,90,5.8,68,2.54,341,152,402.5,9.1,323,9,2,31,4.4,7.04,2.59,1.61,0.36,0.27,807898.899,9640145.383,1700 ± 30
2195,9,10,4.9,16,0.65,400,199,269,23.72,88,25,4,36,9.76,54.24,1.41,2.04,0.25,0.78,807840.736,9640153.371,
2196,9,30,5,9,0.19,361,183,355.5,16.48,158,10,3,32,7.58,19.8,1.97,1.09,0.06,0.98,807840.736,9640153.371,
2197,9,50,5,0,0,282,157,472,8.58,112,6,1,37,4.87,12.76,1.9,0.94,0.05,0.74,807840.736,9640153.371,
2198,9,70,5,0,0,219,105,586,4.45,110,5,2,29,3.08,5.9,1.01,0.94,0.04,0.42,807840.736,9640153.371,
2199,9,90,5,0,0,201,83,621,5.63,128,8,1,25,2.35,8.76,0.81,0.85,0.05,0.38,807840.736,9640153.371,
2200,10,10,5.1,7,0.15,314,183,352,23.32,115,25,2,40,9.53,105.9,1.65,3.2,0.74,0.2,807873.528,9640106.838,
2201,10,30,4.9,4,0.04,240,141,515,11.53,98,58,3,44,6.08,30.43,1.8,1.51,0.08,0.6,807873.528,9640106.838,
2202,10,50,5.3,0,0,173,98,675.5,4.33,110,5,1,34,2.28,8.89,1.36,1.53,0.04,0.13,807873.528,9640106.838,
2203,10,70,5.3,0,0,159,93,686,2.53,110,6,2,31,1.61,5.63,1.17,1.39,0.05,0.13,807873.528,9640106.838,
2204,10,90,5.3,0,0,136,81,707.5,2.87,124,2,2,29,1.46,3.88,0.84,1.25,0.05,0.05,807873.528,9640106.838,
2205,11,10,5.9,16,0.25,285,166,331,31.42,420,33,7,23,22.16,104.99,1.37,6.26,1.04,0,807859.714,9640087.619,
2206,11,30,5.6,24,0.62,250,187,425.5,18.01,682,17,11,37,19.66,16.11,3,4.34,0.43,0,807859.714,9640087.619,
2207,11,50,5.7,0,0,257,133,486.5,10.85,292,9,6,38,12.66,13.28,3.41,3.56,0.12,0,807859.714,9640087.619,
2208,11,70,5.6,0,0,242,119,521,7.98,294,5,3,40,8.27,10.05,2.82,2.73,0.09,0,807859.714,9640087.619,
2209,11,90,5.5,0,0,256,113,510.5,3.23,225,4,2,54,5.61,7.92,2.3,2.31,0.1,0,807859.714,9640087.619,
2210,12,10,5.5,18,0.25,377,224,263,19.67,106,15,2,36,6.7,35.77,1.26,2.32,0.54,0,807969.045,9640158.696,
2211,12,30,5.5,5,0.03,340,185,365,9.32,105,4,1,34,3.65,14.82,1.55,1.39,0.29,0,807969.045,9640158.696,
2212,12,50,5.5,0,0,265,138,512,5.13,84,3,1,30,2.2,6.95,1.27,1.15,0.2,0.12,807969.045,9640158.696,
2213,12,70,5.3,0,0,205,119,588,1.3,82,1,1,29,1.19,1.52,0.86,0.93,0.13,0.13,807969.045,9640158.696,
2214,12,90,5.2,0,0,200,102,628,1.94,87,1,1,31,1.18,1.66,0.79,0.91,0.13,0.1,807969.045,9640158.696,
2215,13,10,5.2,2,0.07,443,194,233.5,14.64,44,19,1,136,1.68,17.96,0.29,1.18,0.59,0.22,807998.021,9640199.791,
2216,13,30,4.8,0,0,289,162,433,7.84,47,5,1,51,0.53,3.17,0.21,0.26,0.17,1.08,807998.021,9640199.791,
2217,13,50,4.7,0,0,226,124,556,2.51,51,4,1,30,0.44,0.86,0.18,0.14,0.1,1.06,807998.021,9640199.791,
2218,13,70,4.5,0,0,196,125,606,2.75,54,3,1,23,0.49,0.53,0.17,0.15,0.1,0.94,807998.021,9640199.791,
2219,13,90,4.6,0,0,183,102,635,2.01,51,3,1,22,0.69,0.52,0.17,0.19,0.1,0.77,807998.021,9640199.791,
2220,14,10,5.4,7,0.24,336,195,337,21.19,39,45,2,50,8.39,51.03,1.72,2.48,0.87,0.14,807939.906,9640116.275,
2221,14,30,5.1,2,0.03,268,148,494,8.12,137,9,1,42,1.94,3.64,1.32,0.86,0.23,0.63,807939.906,9640116.275,
2222,14,50,5,0,0,228,111,585,2.89,159,5,1,34,1.48,2.25,1.3,0.67,0.15,0.5,807939.906,9640116.275,
2223,14,70,5.1,0,0,198,108,625.5,1.12,160,6,1,26,1.22,1.08,1,0.64,0.14,0.35,807939.906,9640116.275,
2224,14,90,5,0,0,190,103,640.5,0.36,190,4,1,24,1.3,1.42,0.88,0.61,0.11,0.31,807939.906,9640116.275,
2225,15,10,5.2,0,0,336,178,329,24.46,136,33,2,37,8.99,38.65,0.88,3.06,0.84,0.13,807909.252,9640072.253,
2226,15,30,5.1,0,0,224,126,561,10.75,123,8,1,38,2.84,12.31,0.8,1.52,0.57,0.4,807909.252,9640072.253,
2227,15,50,5,0,0,165,88,602.5,3.29,141,3,1,29,1.06,3.61,0.7,0.85,0.32,0.44,807909.252,9640072.253,
2228,15,70,4.9,0,0,158,67,774,1.88,180,2,1,23,0.91,1.83,0.53,0.66,0.16,0.43,807909.252,9640072.253,
2229,15,90,4.9,0,0,144,75,730.5,0.86,219,4,1,20,0.98,1.43,0.4,0.65,0.12,0.33,807909.252,9640072.253,
2230,16,10,5.7,5,0.07,285,154,351.5,30.8,109,34,4,15,11.58,114,0.65,6.16,1.06,0,807902.435,9640061.465,
2231,16,30,5.5,23,0.77,246,137,434,21.23,207,18,3,22,10.05,37.86,1.49,4.35,0.66,0.08,807902.435,9640061.465,
2232,16,50,5.5,7,0.37,236,129,476.5,14.26,268,17,4,27,8.73,21.73,2.24,3.84,0.39,0.13,807902.435,9640061.465,1060 ± 30
2233,16,70,5.5,0,0,244,127,436.5,16.38,724,21,12,49,12.95,16.73,2.56,4.07,0.3,0.08,807902.435,9640061.465,
2234,16,90,5.5,0,0,192,100,547.5,7.92,474,18,5,35,8.02,13.97,1.8,2.64,0.26,0,807902.435,9640061.465,
2235,17,10,5.8,49,0.48,350,179,302,24.64,409,31,8,29,22.52,79.89,1.06,5.27,0.81,0,807952.041,9640047.137,
2236,17,30,5.7,1,0.02,273,153,410.5,15.06,248,11,3,20,7.58,14.48,1.5,3.7,0.65,0,807952.041,9640047.137,
2237,17,50,5.4,13,0.19,292,130,289.5,6.24,174,5,1,35,2.84,7.16,1.65,1.61,0.38,0.13,807952.041,9640047.137,
2238,17,70,5.3,0,0,230,121,581.5,3.31,240,4,1,28,2.27,4.69,1.39,1.37,0.33,0.12,807952.041,9640047.137,
2239,17,90,5.2,0,0,186,93,660.5,15.08,213,25,2,26,2.21,4.65,1.1,1.27,0.29,0.07,807952.041,9640047.137,
2240,18,10,5.2,10,0.11,266,158,450,18.43,119,21,2,25,6.61,38.14,0.89,3.14,0.38,0.12,807940.997,9640028.31,
2241,18,30,5.3,0,0,208,123,569,10.79,126,12,1,28,3.99,20.78,1.2,2.35,0.25,0.15,807940.997,9640028.31,
2242,18,50,5,0,0,163,87,681.5,4.97,152,6,1,27,1.82,5.22,1.14,1.14,0.22,0.32,807940.997,9640028.31,
2243,18,70,4.9,0,0,149,81,682,2.19,202,7,1,28,1.69,5.95,1.14,0.94,0.19,0.35,807940.997,9640028.31,
2244,18,90,5,0,0,138,78,687.5,1.5,218,4,1,26,1.67,5.68,1,0.78,0.11,0.27,807940.997,9640028.31,
2245,19,10,5.4,0,0,383,199,262.5,24.52,161,56,3,37,12.41,111.11,1.17,4.58,1.06,0.08,807985.691,9640011.083,
2246,19,30,5.7,15,0.93,187,258,326.5,21.93,362,25,6,29,12.05,50.5,1.47,4.62,0.93,0,807985.691,9640011.083,
2247,19,50,5.7,109,4.37,323,125,383,19.55,834,24,12,49,14.74,31.74,3.14,4.35,0.82,0,807985.691,9640011.083,1280 ± 30
2248,19,70,5.6,36,3.26,238,135,360.5,17.56,762,23,10,39,15.67,24.89,3.65,3.73,0.65,0,807985.691,9640011.083,
2249,19,90,5.6,3,0.16,163,95,591.5,4.25,173,7,2,28,6.94,12.44,2.46,1.75,0.39,0,807985.691,9640011.083,
2250,20,10,5.5,35,0.28,269,186,336,21.83,131,44,3,46,6.16,70.13,1.04,3.73,0.7,0,807974.537,9639989.352,
2251,20,30,5.3,26,0.8,233,135,404,13.13,280,19,3,31,5.23,10.45,1.43,1.71,0.33,0.47,807974.537,9639989.352,
2252,20,50,5.1,17,0.39,223,119,463,10.57,261,19,3,27,5.95,12.29,2.11,1.45,0.36,0.85,807974.537,9639989.352,
2253,20,70,5,0,0,144,80,708.5,1.6,159,3,1,38,2.29,3.84,0.71,0.66,0.2,0.27,807974.537,9639989.352,
2254,20,90,4.9,0,0,192,78,671.5,0.38,152,2,1,29,2.97,3.01,0.75,0.6,0.19,0.28,807974.537,9639989.352,
2255,21,10,5.5,32,0.58,351,217,291.5,25.44,288,26,4,30,12.39,51.33,1.47,4.2,1.55,0.03,807975.31,9640084.018,
2256,21,30,5,3,0.03,237,131,546.5,10.87,136,7,2,80,1.86,4.27,1.66,1.4,0.16,0.68,807975.31,9640084.018,
2257,21,50,5,0,0,192,99,635.5,4.79,224,4,1,44,1.27,2.14,1.21,0.95,0.13,0.52,807975.31,9640084.018,
2258,21,70,5,0,0,177,103,656.5,2.93,228,4,1,29,1.31,2.02,0.79,0.84,0.14,0.27,807975.31,9640084.018,
2259,21,90,5,0,0,186,96,662.5,1.2,254,4,2,25,1.04,1.26,0.63,0.8,0.12,0.22,807975.31,9640084.018,
2260,22,10,5.2,6,0.14,390,243,251,13.57,59,10,1,36,2.75,14.88,0.42,1.14,0.33,0.48,808007.294,9640127.1,
2261,22,30,5.1,0,0,309,185,429,6.44,78,6,2,26,1.24,5.4,0.56,0.65,0.22,0.5,808007.294,9640127.1,
2262,22,50,5,0,0,273,156,500.5,6.1,80,5,2,24,1.08,4.37,0.47,0.61,0.26,0.46,808007.294,9640127.1,
2263,22,70,4.9,0,0,222,114,600,3.11,88,5,2,20,0.8,2.49,0.37,0.61,0.26,0.26,808007.294,9640127.1,
2264,22,90,5.1,0,0,184,97,633,2.97,97,2,2,17,0.49,0.71,0.25,0.52,0.19,0.31,808007.294,9640127.1,
2265,23,10,5.3,0,0,401,213,273,12.63,29,10,1,84,0.82,8.81,0.28,0.91,0.35,0.45,808034.117,9640168.183,
2266,23,30,5.2,0,0,317,150,415,7.66,41,6,1,41,0.36,3.77,0.24,0.52,0.19,0.66,808034.117,9640168.183,
2267,23,50,4.8,0,0,264,139,515,4.41,37,6,2,28,0.28,1.91,0.19,0.28,0.13,0.89,808034.117,9640168.183,
2268,23,70,4.5,0,0,200,120,583,7.02,36,2,1,17,0.16,0.49,0.11,0.11,0.07,0.9,808034.117,9640168.183,
2269,23,90,4.5,0,0,194,111,616,4.47,32,2,1,14,0.26,0.37,0.13,0.11,0.08,0.88,808034.117,9640168.183,
2270,24,10,5,0,0,404,205,273.5,12.47,16,13,2,52,0.57,4.58,0.22,0.45,0.1,0.86,808064.912,9640209.078,
2271,24,30,4.8,0,0,286,171,436,6.64,15,6,2,38,0.4,1.91,0.17,0.17,0.09,1.02,808064.912,9640209.078,
2272,24,50,4.8,0,0,239,144,504.5,3.95,16,4,1,30,0.38,1.34,0.16,0.13,0.06,0.93,808064.912,9640209.078,
2273,24,70,5,0,0,214,117,556,0.48,16,2,2,18,0.38,0.64,0.1,0.09,0.03,0.76,808064.912,9640209.078,
2274,24,90,5,0,0,178,92,617.5,2.19,21,2,1,15,0.23,0.94,0.11,0.17,0.04,0.57,808064.912,9640209.078,
2275,25,10,4.7,0,0,307,201,340,12.67,30,10,2,69,0.3,1.18,0.22,0.29,0.02,1.46,808104.399,9640180.15,
2276,25,30,4.6,0,0,261,159,428.5,10.11,24,4,1,78,0.25,1.37,0.25,0.14,0.02,1.44,808104.399,9640180.15,
2277,25,50,4.6,0,0,241,147,478.5,7.9,32,3,1,56,0.2,1.21,0.25,0.08,0.02,1.45,808104.399,9640180.15,
2278,25,70,4.6,0,0,241,125,485.5,4.65,33,3,1,33,0.22,0.96,0.24,0.08,0.02,1.26,808104.399,9640180.15,
2279,25,90,4.7,0,0,194,113,538.5,4.29,29,2,1,22,0.37,0.57,0.26,0.07,0.02,1.02,808104.399,9640180.15,
2280,26,10,3.9,0,0,432,199,253.5,11.55,67,12,1,51,0.7,5.54,0.46,0.07,0.03,1.51,808075.432,9640139.24,
2281,26,30,4.4,18,0.31,370,176,351.5,8.02,92,4,1,31,0.58,3.3,0.55,0.07,0.02,1.28,808075.432,9640139.24,
2282,26,50,4.6,2,0.02,333,164,392.5,5.73,75,3,1,24,0.53,2.19,0.62,0.06,0.03,1.09,808075.432,9640139.24,
2283,26,70,4.9,0,0,268,134,490,3.07,89,3,1,22,0.68,2.15,0.51,0.16,0.04,0.88,808075.432,9640139.24,
2284,26,90,4.8,0,0,246,123,530,1.9,90,2,1,19,0.25,2.67,0.45,0.24,0.03,0.65,808075.432,9640139.24,
2285,27,10,5.1,3,0.06,260,213,236,13.29,77,11,1,64,4.37,22.11,0.68,0.83,0.32,0.6,808045.977,9640097.274,
2286,27,30,5.5,5,0.28,465,204,224.5,14.24,57,5,1,22,5.48,11.51,0.5,1.42,0.71,0,808045.977,9640097.274,
2287,27,50,5.6,0,0,464,195,242.5,14.62,65,4,1,18,4.04,11.67,0.45,1.88,0.24,0,808045.977,9640097.274,
2288,27,70,5.6,0,0,279,139,476.5,1.1,116,2,1,24,1.36,3.24,0.94,0.94,0.18,0,808045.977,9640097.274,
2289,27,90,5.5,0,0,241,124,522.5,1.38,133,2,1,23,1.01,2.31,0.96,0.85,0.15,0.2,808045.977,9640097.274,
2290,28,10,5.7,42,0.59,344,190,312.5,16.94,501,16,8,33,15.61,20.52,2.36,3.22,0.6,0,808015.853,9640052.416,
2291,28,30,5.7,25,0.64,344,182,353.5,8.56,312,12,4,28,11.77,9.31,3.15,2.32,0.4,0,808015.853,9640052.416,
2292,28,50,5.6,3,0.13,299,159,442.5,4.33,173,9,2,25,8.47,9.02,2.02,1.7,0.27,0,808015.853,9640052.416,
2293,28,70,5.5,8,0.08,268,137,512,3.17,178,9,1,23,6.54,7.29,1.47,1.42,0.26,0.07,808015.853,9640052.416,
2294,28,90,5.4,0,0,244,139,527,3.85,154,11,2,21,5.72,5.96,1.37,1.44,0.28,0.07,808015.853,9640052.416,
2295,29,10,5.1,32,0.61,408,196,276,14.52,142,22,1,44,7.07,14.18,1.41,0.97,0.25,0.75,808057.213,9640023.158,
2296,29,30,5,8,0.12,345,175,391.5,7.48,145,11,1,33,4.37,6.38,1.39,0.66,0.21,0.87,808057.213,9640023.158,
2297,29,50,5,4,0.12,309,161,446,5.65,140,5,1,30,3.91,4.68,1.38,0.64,0.18,0.66,808057.213,9640023.158,
2298,29,70,5,7,0.04,246,135,533.5,2.91,111,5,1,23,3.31,3.01,1.11,0.81,0.16,0.36,808057.213,9640023.158,
2299,29,90,5.1,4,0.07,228,123,558,2.93,121,5,1,21,3.02,2.45,0.94,0.88,0.13,0.23,808057.213,9640023.158,
2300,30,10,4.4,0,0,418,208,275,12.23,78,13,1,59,0.56,4.82,0.59,0.1,0.05,1.44,808087.728,9640064.064,
2301,30,30,4.6,0,0,299,198,399.5,7.52,45,4,1,34,0.5,2.92,0.43,0.06,0.02,1.2,808087.728,9640064.064,
2302,30,50,4.9,0,0,267,136,508,3.01,52,3,1,22,0.98,2.49,0.45,0.2,0.07,0.9,808087.728,9640064.064,
2303,30,70,5.2,0,0,239,137,518,0.7,70,5,1,24,0.37,2.82,0.46,0.47,0.07,0.54,808087.728,9640064.064,
2304,30,90,5.1,0,0,220,119,552,3.01,81,3,1,22,0.35,1.8,0.44,0.52,0.05,0.45,808087.728,9640064.064,
2305,31,10,5.1,5,0.06,321,191,337.5,17.96,167,19,2,45,5.18,24.83,1.84,2.64,0.47,0.31,808029.605,9639981.595,
2306,31,30,5.3,4,0.12,265,129,480.5,11.65,213,6,2,34,4.04,7.29,2.56,1.35,0.29,0.66,808029.605,9639981.595,
2307,31,50,5.3,5,0.08,220,100,541.5,8.18,164,4,1,29,3.83,6.26,2.51,1.11,0.28,0.48,808029.605,9639981.595,
2308,31,70,5.2,0,0,179,99,617.5,2.23,125,3,1,22,2.75,3.43,1.53,0.85,0.27,0.23,808029.605,9639981.595,
2309,31,90,5.2,0,0,179,87,619,1.06,172,3,1,17,2.33,1.84,0.82,0.72,0.25,0.13,808029.605,9639981.595,
2310,32,10,5.3,36,0.52,326,175,278.5,26.29,305,24,6,22,15.03,52.66,1.76,5.68,0.88,0.05,808014.07,9639959.932,
2311,32,30,5.6,15,1.13,272,139,427,20.87,634,16,10,34,19.69,29.18,3.16,5.34,0.41,0,808014.07,9639959.932,
2312,32,50,5.8,11,0.47,259,129,469.5,13.35,587,11,9,27,17.14,13.66,3.51,4.46,0.25,0,808014.07,9639959.932,
2313,32,70,5.8,9,0.64,268,134,463.5,10.81,620,12,11,28,16.46,14.28,3.46,4.2,0.16,0,808014.07,9639959.932,
2314,32,90,5.8,4,0.32,239,115,482,10.35,798,19,22,35,23.83,16.75,5,4.32,0.08,0,808014.07,9639959.932,1740 ± 30
2315,33,10,4.7,0,0,396,201,295,11.05,42,13,1,92,0.32,2.75,0.23,0.29,0.17,1.09,808114.389,9640107.104,
2316,33,30,4.8,0,0,351,202,332.5,3.91,40,5,1,57,0.16,2.8,0.25,0.1,0.07,1.12,808114.389,9640107.104,
2317,33,50,4.8,0,0,273,147,448,2.05,42,3,1,28,0.15,1.29,0.2,0.07,0.06,1.17,808114.389,9640107.104,
2318,33,70,4.9,0,0,127,234,535,1.16,42,2,1,19,0.15,0.83,0.19,0.08,0.06,1,808114.389,9640107.104,
2319,33,90,4.9,0,0,217,106,581.5,0.58,42,2,1,16,0.12,0.53,0.15,0.09,0.07,0.83,808114.389,9640107.104,
2320,34,10,4.5,0,0,290,176,403,13.69,17,17,1,134,0.21,1.96,0.16,0.14,0.08,1.71,808146.691,9640147.179,
2321,34,30,4.6,0,0,269,163,463.5,4.19,19,5,1,71,0.12,1.79,0.14,0.06,0.03,1.41,808146.691,9640147.179,
2322,34,50,4.7,0,0,234,148,522,3.29,24,3,1,26,0.14,1.06,0.13,0.07,0.03,1.24,808146.691,9640147.179,
2323,34,70,4.9,0,0,221,131,564.5,0.16,23,2,1,18,0.1,0.67,0.11,0.08,0.03,0.95,808146.691,9640147.179,
2324,34,90,4.9,0,0,203,126,593.5,0.68,27,2,1,12,0.1,0.33,0.13,0.05,0.02,0.84,808146.691,9640147.179,
2325,35,10,4.2,0,0,352,197,294.5,14.74,13,16,1,176,0.35,1.13,0.15,0.09,0.04,1.8,808174.292,9640128.7,
2326,35,30,4.4,0,0,288,182,384.5,7.36,9,6,1,144,0.14,1.26,0.14,0.07,0.03,1.48,808174.292,9640128.7,
2327,35,50,4.5,0,0,263,165,468,2.99,10,3,1,53,0.18,1.08,0.1,0.04,0.02,1.42,808174.292,9640128.7,
2328,35,70,4.7,0,0,223,141,535.5,0.24,11,2,1,24,0.14,0.72,0.12,0.05,0.02,1.27,808174.292,9640128.7,
2329,35,90,4.8,0,0,205,125,574,2.15,11,2,1,17,0.12,0.31,0.1,0.04,0.02,0.91,808174.292,9640128.7,
2330,36,10,4.4,0,0,366,185,303.5,14.46,29,16,1,109,0.32,1.06,0.16,0.05,0.04,1.81,808154.795,9640080.288,
2331,36,30,4.5,0,0,294,176,407.5,7.02,18,4,1,74,0.15,1.59,0.17,0.04,0.02,1.38,808154.795,9640080.288,
2332,36,50,4.7,0,0,259,157,458,3.33,20,3,1,30,0.13,1.28,0.19,0.04,0.02,1.26,808154.795,9640080.288,
2333,36,70,4.6,1,0.04,256,155,471,0.34,24,2,1,36,0.14,1.49,0.18,0.04,0.02,1.38,808154.795,9640080.288,
2334,36,90,4.6,0,0,245,139,515.5,0.86,29,2,1,28,0.15,0.89,0.19,0.04,0.02,1.09,808154.795,9640080.288,
2335,37,10,3.8,0,0,386,195,287.5,17.56,33,38,4,271,0.9,1.91,0.42,0.17,0.11,2.24,808127.047,9640038.336,
2336,37,30,4.3,0,0,446,191,219,11.85,50,47,7,203,0.79,2.52,0.37,0.11,0.15,1.92,808127.047,9640038.336,
2337,37,50,4,1,0.07,399,194,297,4.57,37,9,2,80,0.95,4.29,0.27,0.06,0.04,1.78,808127.047,9640038.336,
2338,37,70,4,0,0,325,189,366,6.9,31,5,1,60,1.17,2.6,0.24,0.05,0.03,1.57,808127.047,9640038.336,
2339,37,90,4.2,0,0,282,156,466,1.36,34,4,1,52,1.94,2.43,0.25,0.08,0.04,1.66,808127.047,9640038.336,
2340,38,10,5,26,0.41,406,220,265,16.24,79,10,1,41,6.07,26.56,0.9,1.42,0.15,0.8,808097.026,9639997.29,
2341,38,30,5.4,12,0.22,414,219,253,12.87,73,5,1,28,3.76,14.01,0.65,1.43,0.06,0.52,808097.026,9639997.29,
2342,38,50,5.5,0,0,403,194,302.5,6.44,94,2,1,25,0.98,5.97,0.62,0.88,0.05,0.54,808097.026,9639997.29,
2343,38,70,5.3,0,0,296,158,473,3.23,91,2,1,23,0.47,3.73,0.62,0.72,0.11,0.49,808097.026,9639997.29,
2344,38,90,5.3,0,0,259,135,520.5,3.13,87,2,1,22,0.38,2.51,0.51,0.56,0.11,0.51,808097.026,9639997.29,
2345,39,10,4.9,3,0.05,411,233,222,15.36,74,23,1,69,3.15,16.75,0.53,0.64,0.56,0.57,808136.532,9639965.189,
2346,39,30,5.2,0,0,379,207,313.5,7.68,104,7,1,54,3.11,7.95,0.58,0.66,0.2,0.56,808136.532,9639965.189,
2347,39,50,5.2,0,0,289,153,466.5,1.58,78,3,1,31,0.59,2.43,0.4,0.55,0.25,0.42,808136.532,9639965.189,
2348,39,70,5.3,0,0,270,140,489.5,0.12,79,2,1,26,0.41,1.83,0.35,0.52,0.35,0.3,808136.532,9639965.189,
2349,39,90,5.2,0,0,235,134,554.5,2.67,85,2,1,22,0.43,1.6,0.33,0.47,0.39,0.13,808136.532,9639965.189,
2350,40,10,4.3,0,0,346,191,353,17.7,88,34,3,66,1.74,17.55,0.48,0.56,0.21,1.53,808035.178,9639902.643,
2351,40,30,4.5,0,0,210,137,502,10.31,63,13,2,35,1.51,6.36,0.42,0.28,0.07,1.57,808035.178,9639902.643,
2352,40,50,4.7,0,0,175,102,618,5.75,75,6,1,25,1.24,2.67,0.4,0.33,0.05,1.22,808035.178,9639902.643,
2353,40,70,4.8,0,0,170,86,643.5,1.26,82,3,1,20,0.66,1.01,0.29,0.42,0.04,0.77,808035.178,9639902.643,
2354,40,90,4.9,0,0,168,89,655,0.62,83,3,1,18,0.63,0.71,0.26,0.49,0.04,0.58,808035.178,9639902.643,
2355,42,10,5.1,15,0.28,414,225,249,12.71,57,18,1,47,41.56,24.61,0.78,1.05,0.57,0.59,808070.445,9639956.345,
2356,42,30,5,11,0.14,376,180,334.5,7.18,61,6,1,31,4.83,10,0.93,0.68,0.32,0.9,808070.445,9639956.345,
2357,42,50,5.2,0,0,316,143,460,1.44,66,3,1,29,2.25,5.89,0.92,0.78,0.32,0.61,808070.445,9639956.345,
2358,42,70,5.2,0,0,264,131,526,1.04,79,2,1,23,1.15,2.33,0.76,0.81,0.15,0.36,808070.445,9639956.345,
2359,42,90,5.2,0,0,229,128,507,0.88,102,2,1,20,1.03,1.35,0.51,0.79,0.14,0.21,808070.445,9639956.345,
2360,43,10,4.8,5,0.27,348,203,290,9.46,113,20,2,40,4.63,15.32,0.83,1.35,0.28,0.69,808167.741,9640007.549,
2361,43,30,5.1,4,0.03,321,184,373.5,9.02,116,10,1,35,2.81,7.92,0.89,1.25,0.2,0.57,808167.741,9640007.549,
2362,43,50,5.1,0,0,277,136,474.5,5.75,104,10,1,33,1.59,4.05,0.82,0.96,0.22,0.49,808167.741,9640007.549,
2363,43,70,5.1,1,0.05,229,126,536,2.53,107,7,1,30,1.06,2.91,0.67,0.78,0.23,0.43,808167.741,9640007.549,
2364,43,90,5,0,0,204,111,570.5,1.3,115,6,1,33,0.87,1.95,0.54,0.64,0.18,0.43,808167.741,9640007.549,
2365,44,10,4.6,8,0.19,372,209,299.5,14.26,113,12,1,41,4.87,14.59,0.72,0.61,0.17,1.38,808081.284,9639883.612,
2366,44,30,4.7,22,0.42,292,162,445.5,6.74,121,6,1,40,2.52,5.97,0.82,0.57,0.16,1.03,808081.284,9639883.612,
2367,44,50,4.7,0,0,289,135,484.5,6.96,124,4,1,48,1.65,3.76,1.04,0.52,0.13,1.11,808081.284,9639883.612,
2368,44,70,4.9,32,1.59,254,149,507.5,5.63,157,7,1,40,1.84,4.45,1.71,0.56,0.13,0.95,808081.284,9639883.612,
2369,44,90,4.8,0,0,312,138,460,11.15,296,6,2,36,2.65,5.4,2.11,0.57,0.11,1.16,808081.284,9639883.612,
2370,45,10,4.8,3,0.05,306,193,360.5,20.91,70,34,1,25,6.51,41.39,0.75,2.14,0.45,0.44,808071.898,9639870.903,
2371,45,30,4.9,0,0,235,133,542,5.71,54,7,1,24,2.45,7.25,0.86,0.99,0.35,0.51,808071.898,9639870.903,
2372,45,50,5,0,0,202,113,605,4.41,67,6,2,20,1.42,3.73,0.76,0.96,0.29,0.29,808071.898,9639870.903,
2373,45,70,5,0,0,193,108,610.5,2.19,100,4,1,22,0.98,2.09,0.67,0.93,0.15,0.19,808071.898,9639870.903,
2374,45,90,5.2,0,0,193,107,598.5,2.01,112,2,1,20,0.82,1.28,0.61,0.96,0.11,0.1,808071.898,9639870.903,
2375,46,10,5.9,10,0.6,417,219,233,19.79,94,53,2,49,8.33,63.92,0.63,3.93,0.96,0,808104.402,9639831.799,
2376,46,30,5.6,9,0.28,338,186,397,9.3,108,25,1,33,3.53,7.58,0.78,1.54,0.5,0,808104.402,9639831.799,
2377,46,50,5.4,4,0.08,315,132,461.5,7.38,112,18,1,35,3.03,5.64,1.06,1.15,0.45,0.35,808104.402,9639831.799,
2378,46,70,5.3,0,0,231,119,561.5,3.59,107,14,1,30,2.65,5.12,0.88,1,0.37,0.26,808104.402,9639831.799,
2379,46,90,5.2,0,0,195,101,604,1.14,123,8,1,23,1.69,1.51,0.5,0.84,0.26,0.17,808104.402,9639831.799,
2380,47,10,5.6,13,0.29,453,207,223,17.72,86,19,2,68,11.54,38.33,1.01,2.94,0.71,0,808119.529,9639853.788,
2381,47,30,5.6,10,0.27,397,203,308,9.24,120,8,1,34,5.28,14.63,1.07,1.94,0.31,0,808119.529,9639853.788,
2382,47,50,5.3,2,0.63,346,165,419,5.13,114,8,2,26,3.11,6.78,1.1,1.31,0.33,0.2,808119.529,9639853.788,
2383,47,70,5.4,0,0,253,124,537.5,2.75,105,2,1,25,1.91,2.06,0.7,0.92,0.41,0.12,808119.529,9639853.788,
2384,47,90,5.2,0,0,218,109,571,0.42,103,2,1,22,1.19,0.87,0.48,0.7,0.4,0.14,808119.529,9639853.788,
2385,48,10,5.3,6,0.1,288,175,413.5,8.58,114,40,1,158,14.68,23.13,1.49,1.72,0.57,0.03,808140.724,9639882.401,
2386,48,30,5.1,0,0,242,126,568.5,0.36,105,15,1,73,9.29,7.41,1.1,1.04,0.37,0.23,808140.724,9639882.401,
2387,48,50,5,0,0,206,114,589.5,1.08,132,12,2,34,6.82,3.28,0.76,0.9,0.28,0.2,808140.724,9639882.401,
2388,48,70,5,0,0,191,111,608.5,0.12,142,5,2,30,4.52,1.84,0.55,0.87,0.22,0.12,808140.724,9639882.401,
2389,48,90,5.2,0,0,208,106,627,1.16,162,6,2,26,3.14,1.8,0.54,0.95,0.25,0.08,808140.724,9639882.401,
2390,49,10,5.9,0,0,313,182,360.5,9.12,213,24,2,34,13.66,20.71,1.53,3.68,0.79,0,808151.154,9639807.053,
2391,49,30,5.7,0,0,274,146,485.5,3.91,165,9,2,27,6.05,8.15,1.25,2.07,0.58,0,808151.154,9639807.053,
2392,49,50,5.5,0,0,229,128,562.5,1.92,135,5,1,24,2.41,1.9,0.63,1.17,0.49,0.05,808151.154,9639807.053,
2393,49,70,5.3,0,0,240,111,589.5,1.3,137,5,1,26,2.09,2.12,0.47,1.05,0.52,0.07,808151.154,9639807.053,
2394,49,90,5.3,0,0,205,123,576.5,0.14,148,6,1,24,2.4,2.25,0.46,1.1,0.52,0.06,808151.154,9639807.053,
2395,50,10,5.3,16,0.31,418,215,232.5,19.85,74,23,2,41,14.12,23.66,1,2.87,0.58,0.18,808159.371,9639821.742,
2396,50,30,5.7,7,0.55,393,235,258,14.66,99,10,2,20,9.88,14.09,1.02,3,0.27,0,808159.371,9639821.742,600 ± 30
2397,50,50,5.7,0,0,318,169,416.5,4.97,80,3,1,28,2.82,4.2,0.72,1.53,0.23,0,808159.371,9639821.742,
2398,50,70,5.7,0,0,270,144,507.5,3.63,88,3,1,24,1.39,2.1,0.61,1.28,0.21,0,808159.371,9639821.742,
2399,50,90,5.7,0,0,251,137,513,1.34,101,2,1,24,0.94,1.64,0.43,1.21,0.2,0,808159.371,9639821.742,
2400,M-36-40X,10,4.5,15,0.49,323,193,307.5,16.54,97,27,1,57,2.74,27.21,0.7,0.81,0.25,1.23,808181.012,9639856.429,
2401,M-36-40X,30,4.7,21,0.53,329,259,407,11.85,84,8,1,38,3.01,11.02,0.62,0.61,0.1,1.47,808181.012,9639856.429,
2402,M-36-40X,50,4.8,6,0.16,137,114,506.5,6.94,84,7,1,36,1.8,5.02,0.59,0.69,0.09,1.09,808181.012,9639856.429,
2403,M-36-40X,70,5,6,0.12,217,114,573.5,5.11,91,4,1,34,0.89,3.31,0.46,0.9,0.07,0.48,808181.012,9639856.429,
2404,M-36-40X,90,5.2,0,0,194,112,620.5,2.27,92,6,1,32,0.69,2.95,0.4,1.08,0.09,0.23,808181.012,9639856.429,
2405,M-35-38-5,10,5.5,21,0.37,391,235,264,27.41,125,32,3,47,14.27,49.13,0.16,4.45,1.1,0,808026.006,9640239.48,
2406,M-35-38-5,30,5.5,0,0,326,195,400,14.3,271,10,2,44,6.64,9.99,2.57,2.21,0.42,0.48,808026.006,9640239.48,
2407,M-35-38-5,50,5.5,0,0,264,142,494.5,13.53,289,8,2,60,7.07,7.46,3.2,2.3,0.31,0.49,808026.006,9640239.48,
2408,M-35-38-5,70,5.5,0,0,211,107,575,9.4,205,5,1,57,4.76,5.89,2.47,1.82,0.25,0.34,808026.006,9640239.48,
2409,M-35-38-5,90,4.9,0,0,194,107,643,3.01,55,2,1,25,0.41,1.23,0.28,0.46,0.04,0.67,808026.006,9640239.48,
2410,M-39-X,10,5.6,17,0.17,396,215,270,17.86,76,17,3,64,4.59,24.97,0.85,2.63,0.36,0,808103.69,9639918.502,
2411,M-39-X,30,5.4,6,0.15,362,193,345.5,13.63,106,10,2,39,3.44,13.83,0.87,1.57,0.27,0.44,808103.69,9639918.502,
2412,M-39-X,50,5.3,0,0,290,142,481,7.78,97,7,2,33,2.14,5.16,0.78,1.05,0.25,0.48,808103.69,9639918.502,
2413,M-39-X,70,5.2,0,0,259,118,534.5,4.53,95,5,2,31,1.44,3.9,0.71,0.91,0.23,0.43,808103.69,9639918.502,
2414,M-39-X,90,5.2,0,0,206,112,610.5,3.21,89,3,2,31,1.13,2.34,0.48,0.84,0.19,0.34,808103.69,9639918.502,
2415,MX,10,4.9,2,0.05,319,185,362.5,15.44,44,19,2,35,1.48,17.95,0.6,0.81,0.47,0.81,808042.028,9639911.956,
2416,MX,30,5,0,0,275,153,470.5,7.24,52,4,1,30,0.58,4.48,0.43,0.63,0.08,0.82,808042.028,9639911.956,
2417,MX,50,5,0,0,216,131,528.5,4.91,50,2,1,37,0.71,2.71,0.34,0.61,0.06,0.66,808042.028,9639911.956,
2418,MX,70,4.9,0,0,242,125,572,3.29,52,2,1,31,0.45,2.06,0.28,0.53,0.05,0.7,808042.028,9639911.956,
2419,MX,90,5.4,0,0,194,106,623.5,4.13,161,5,1,31,2.63,3.77,1.36,1.32,0.17,0.14,808042.028,9639911.956,
